Item_Name,Wiki_Link
View source,https://growtopia.fandom.com/wiki/Growtopia_Wiki?action=edit
History,https://growtopia.fandom.com/wiki/Growtopia_Wiki?action=history
Purge,https://growtopia.fandom.com/wiki/Growtopia_Wiki?action=purge
Talk (0),https://growtopia.fandom.com/wiki/Talk:Growtopia_Wiki?action=edit&redlink=1
Read more >,https://growtopia.fandom.com/wiki/Item_Of_The_Season/2026
Growtopia,https://growtopia.fandom.com/wiki/Growtopia
Items,https://growtopia.fandom.com/wiki/Items
Events,https://growtopia.fandom.com/wiki/Events
NPCs,https://growtopia.fandom.com/wiki/Category:NPCs
Guides,https://growtopia.fandom.com/wiki/Guides_and_Tutorials
Store,https://growtopia.fandom.com/wiki/Growtopia_Store
Quests,https://growtopia.fandom.com/wiki/Quests
Guilds,https://growtopia.fandom.com/wiki/Guilds
Chat,https://growtopia.fandom.com/wiki/Chat
Dungeons,https://growtopia.fandom.com/wiki/Guide:Dungeons
Update History,https://growtopia.fandom.com/wiki/Growtopia/Update_History
Earth Blocks,https://growtopia.fandom.com/wiki/Blocks/Chi_-_Earth
Fire Blocks,https://growtopia.fandom.com/wiki/Blocks/Chi_-_Fire
Wind Blocks,https://growtopia.fandom.com/wiki/Blocks/Chi_-_Wind
Water Blocks,https://growtopia.fandom.com/wiki/Blocks/Chi_-_Water
Foreground Blocks,https://growtopia.fandom.com/wiki/Category:Foreground_Blocks
Background Blocks,https://growtopia.fandom.com/wiki/Category:Background_Blocks
Non-solid Blocks,https://growtopia.fandom.com/wiki/Category:Non-solid_Blocks
Doors,https://growtopia.fandom.com/wiki/Blocks/Doors
Locks,https://growtopia.fandom.com/wiki/Blocks/Locks
Seats,https://growtopia.fandom.com/wiki/Blocks/Seats
Treasure Blocks,https://growtopia.fandom.com/wiki/Blocks/Treasure_Blocks
Deadly Blocks,https://growtopia.fandom.com/wiki/Blocks/Deadly_Blocks
Trampoline Blocks,https://growtopia.fandom.com/wiki/Blocks/Trampoline_Blocks
Consumables,https://growtopia.fandom.com/wiki/Items/Consumables
Entrances,https://growtopia.fandom.com/wiki/Blocks/Entrances
Signs,https://growtopia.fandom.com/wiki/Blocks/Signs
Platforms,https://growtopia.fandom.com/wiki/Blocks/Platforms
Pain Blocks (Lava),https://growtopia.fandom.com/wiki/Blocks/Pain_Blocks_(Lava)
Pain Blocks (Acid),https://growtopia.fandom.com/wiki/Blocks/Pain_Blocks_(Acid)
Bouncy Blocks,https://growtopia.fandom.com/wiki/Blocks/Bouncy_Blocks
Pain Blocks (Spike),https://growtopia.fandom.com/wiki/Blocks/Pain_Blocks_(Spike)
Portals,https://growtopia.fandom.com/wiki/Blocks/Portals
Checkpoints,https://growtopia.fandom.com/wiki/Blocks/Checkpoints
Sheet Music,https://growtopia.fandom.com/wiki/Blocks/Sheet_Music
Slippery Blocks,https://growtopia.fandom.com/wiki/Blocks/Slippery_Blocks
Toggleable Blocks,https://growtopia.fandom.com/wiki/Blocks/Toggleable_Blocks
Chests,https://growtopia.fandom.com/wiki/Blocks/Chests
Mailboxes,https://growtopia.fandom.com/wiki/Blocks/Mailboxes
Bulletin Boards,https://growtopia.fandom.com/wiki/Blocks/Bulletin_Boards
Event Mystery Blocks,https://growtopia.fandom.com/wiki/Blocks/Event_Mystery_Blocks
Random Blocks,https://growtopia.fandom.com/wiki/Blocks/Random_Blocks
Components,https://growtopia.fandom.com/wiki/Blocks/Components
Providers,https://growtopia.fandom.com/wiki/Blocks/Providers
Chemical Combiners,https://growtopia.fandom.com/wiki/Blocks/Chemical_Combiners
Weather Machines,https://growtopia.fandom.com/wiki/Blocks/Weather_Machines
Donation Boxes,https://growtopia.fandom.com/wiki/Blocks/Donation_Boxes
Mannequins,https://growtopia.fandom.com/wiki/Blocks/Mannequins
Security Cameras,https://growtopia.fandom.com/wiki/Blocks/Security_Cameras
Game Blocks,https://growtopia.fandom.com/wiki/Blocks/Game_Blocks
Crystals,https://growtopia.fandom.com/wiki/Blocks/Crystals
Pushing Blocks,https://growtopia.fandom.com/wiki/Blocks/Pushing_Blocks
Fishes,https://growtopia.fandom.com/wiki/Blocks/Fishes
Cooking Ovens,https://growtopia.fandom.com/wiki/Blocks/Cooking_Ovens
Autobreaking Blocks,https://growtopia.fandom.com/wiki/Blocks/Autobreaking_Blocks
Toggleable Multi-Framed Animated Foreground Blocks,https://growtopia.fandom.com/wiki/Blocks/Toggleable_Multi-Framed_Animated_Foreground_Blocks
Hat,https://growtopia.fandom.com/wiki/Clothes/Hat
Hair,https://growtopia.fandom.com/wiki/Clothes/Hair
Face,https://growtopia.fandom.com/wiki/Clothes/Face
Chest,https://growtopia.fandom.com/wiki/Clothes/Chest
Shirt,https://growtopia.fandom.com/wiki/Clothes/Shirt
Pants,https://growtopia.fandom.com/wiki/Clothes/Pants
Feet,https://growtopia.fandom.com/wiki/Clothes/Feet
Back,https://growtopia.fandom.com/wiki/Clothes/Back
Hand,https://growtopia.fandom.com/wiki/Clothes/Hand
Artifacts,https://growtopia.fandom.com/wiki/Clothes/Artifacts
Double Jump,https://growtopia.fandom.com/wiki/Mods/Double_Jump
High Jump,https://growtopia.fandom.com/wiki/Mods/High_Jump
Speedy,https://growtopia.fandom.com/wiki/Mods/Speedy
Punch Damage,https://growtopia.fandom.com/wiki/Mods/Punch_Damage
Punch Range,https://growtopia.fandom.com/wiki/Mods/Punch_Range
Punch Power,https://growtopia.fandom.com/wiki/Mods/Punch_Power
Punch Pull,https://growtopia.fandom.com/wiki/Mods/Punch_Pull
Slow Fall,https://growtopia.fandom.com/wiki/Mods/Slow_Fall
Damage Reduction,https://growtopia.fandom.com/wiki/Mods/Damage_Reduction
Build Range,https://growtopia.fandom.com/wiki/Mods/Build_Range
Light Source,https://growtopia.fandom.com/wiki/Mods/Light_Source
Wall Climbing,https://growtopia.fandom.com/wiki/Mods/Wall_Climbing
Fire Hose,https://growtopia.fandom.com/wiki/Mods/Fire_Hose
Fireproof,https://growtopia.fandom.com/wiki/Mods/Fireproof
Ghost Immunity,https://growtopia.fandom.com/wiki/Mods/Ghost_Immunity
Healing,https://growtopia.fandom.com/wiki/Mods/Healing
Knock Back Reduction,https://growtopia.fandom.com/wiki/Mods/Knock_Back_Reduction
Tree Harvesting,https://growtopia.fandom.com/wiki/Mods/Tree_Harvesting
Slippery,https://growtopia.fandom.com/wiki/Mods/Slippery
XP Buff,https://growtopia.fandom.com/wiki/Mods/XP_Buff
Speedy in Water,https://growtopia.fandom.com/wiki/Mods/Speedy_in_Water
Float on Water,https://growtopia.fandom.com/wiki/Mods/Float_on_Water
Night Vision,https://growtopia.fandom.com/wiki/Mods/Night_Vision
Extra Gems,https://growtopia.fandom.com/wiki/Mods/Extra_Gems
Extra Blocks,https://growtopia.fandom.com/wiki/Mods/Extra_Blocks
Skin Color,https://growtopia.fandom.com/wiki/Mods/Skin_Color
Skating,https://growtopia.fandom.com/wiki/Mods/Skating
Miscellaneous,https://growtopia.fandom.com/wiki/Mods/Miscellaneous
Morph,https://growtopia.fandom.com/wiki/Mods/Morph
Musical,https://growtopia.fandom.com/wiki/Category:Musical_Mod_Items
Pets,https://growtopia.fandom.com/wiki/Category:Pets
Account,https://growtopia.fandom.com/wiki/Account
Player Titles,https://growtopia.fandom.com/wiki/Player_Titles
Wrench,https://growtopia.fandom.com/wiki/Wrench
Supporter,https://growtopia.fandom.com/wiki/Supporter
Broadcast,https://growtopia.fandom.com/wiki/Broadcast
Gems,https://growtopia.fandom.com/wiki/Gems
Growtokens,https://growtopia.fandom.com/wiki/Growtoken
Grow Vouchers,https://growtopia.fandom.com/wiki/Grow_Voucher
Growtopia Store,https://growtopia.fandom.com/wiki/Growtopia_Store
Telephone,https://growtopia.fandom.com/wiki/Telephone
Grow Pass,https://growtopia.fandom.com/wiki/Grow_Pass
Mentorship,https://growtopia.fandom.com/wiki/Guide:Mentorship
Splicing,https://growtopia.fandom.com/wiki/Guide:Splice
Combining,https://growtopia.fandom.com/wiki/Guide:Combining
Forging,https://growtopia.fandom.com/wiki/Guide:Forging
Crystals,https://growtopia.fandom.com/wiki/Guide:Crystals
Chemsynth,https://growtopia.fandom.com/wiki/Guide:Chemsynth
DNA Combinations,https://growtopia.fandom.com/wiki/Guide:DNA_Combinations
Cooking,https://growtopia.fandom.com/wiki/Guide:Cooking
Silkworm Care,https://growtopia.fandom.com/wiki/Guide:Silkworm_Care
Sewing,https://growtopia.fandom.com/wiki/Guide:Sewing
Crimefighting,https://growtopia.fandom.com/wiki/Guide:Villains
Surgery,https://growtopia.fandom.com/wiki/Guide:Surgery
Startopia,https://growtopia.fandom.com/wiki/Guide:Star_Voyage
Fishing,https://growtopia.fandom.com/wiki/Guide:Fishing
Fish & Crab Training,https://growtopia.fandom.com/wiki/Guide:Fish_Training
Lobster Trap,https://growtopia.fandom.com/wiki/Lobster_Trap
Geiger Counting,https://growtopia.fandom.com/wiki/Geiger_Counter
Egg-Hunting,https://growtopia.fandom.com/wiki/Egg-Hunting_Basket
Firefighting,https://growtopia.fandom.com/wiki/Highly_Combustible_Box
Treasure Hunting,https://growtopia.fandom.com/wiki/Guide:Treasure_Hunting
Ancestral Riddles,https://growtopia.fandom.com/wiki/Ancestral_Power_(update)
Steam,https://growtopia.fandom.com/wiki/Guide:Steam
Mines,https://growtopia.fandom.com/wiki/Guide:Mines
Games,https://growtopia.fandom.com/wiki/Guide:Games
Pet Battles,https://growtopia.fandom.com/wiki/Guide:Pet_Battle_Abilities
Dyes,https://growtopia.fandom.com/wiki/Guide:Dyes
Contact Lens,https://growtopia.fandom.com/wiki/Contact_Lens_Pack
Anniversary Week,https://growtopia.fandom.com/wiki/Anniversary_Week
UbiWeek,https://growtopia.fandom.com/wiki/UbiWeek
Lunar New Year,https://growtopia.fandom.com/wiki/Lunar_New_Year
Valentine's Week,https://growtopia.fandom.com/wiki/Valentine%27s_Week
St. Patrick's Week,https://growtopia.fandom.com/wiki/St._Patrick%27s_Week
Easter Week,https://growtopia.fandom.com/wiki/Easter_Week
Grow4Good Week,https://growtopia.fandom.com/wiki/Grow4Good_Week
Cinco De Mayo Week,https://growtopia.fandom.com/wiki/Cinco_De_Mayo_Week
Super Pineapple Party,https://growtopia.fandom.com/wiki/Super_Pineapple_Party
Beach Party,https://growtopia.fandom.com/wiki/Beach_Party
SummerFest,https://growtopia.fandom.com/wiki/SummerFest
Garuda's Glory,https://growtopia.fandom.com/wiki/Garuda%27s_Glory
Player Appreciation Week,https://growtopia.fandom.com/wiki/Player_Appreciation_Week
Harvest Festival,https://growtopia.fandom.com/wiki/Harvest_Festival
Wonder Week,https://growtopia.fandom.com/wiki/Wonder_Week
Halloween,https://growtopia.fandom.com/wiki/Halloween
Aliens,https://growtopia.fandom.com/wiki/Aliens_(update)
Thanksgiving Week,https://growtopia.fandom.com/wiki/Thanksgiving_Week
Black Friday,https://growtopia.fandom.com/wiki/Black_Friday
WinterFest,https://growtopia.fandom.com/wiki/WinterFest
Balloon Warz,https://growtopia.fandom.com/wiki/Balloon_Warz
Carnival,https://growtopia.fandom.com/wiki/Carnival
Night Of The Comet,https://growtopia.fandom.com/wiki/Night_Of_The_Comet
Locke The Salesman,https://growtopia.fandom.com/wiki/Locke_The_Salesman
The Grand Tournament,https://growtopia.fandom.com/wiki/The_Grand_Tournament
Surgery Day,https://growtopia.fandom.com/wiki/Surgery_Day
All Howl's Eve,https://growtopia.fandom.com/wiki/All_Howl%27s_Eve
Geiger Day,https://growtopia.fandom.com/wiki/Geiger_Day
Ghost Day,https://growtopia.fandom.com/wiki/Boss_Ghost#Ghost_Day
Mutant Kitchen,https://growtopia.fandom.com/wiki/Mutant_Kitchen
Voucher Dayz,https://growtopia.fandom.com/wiki/Voucher_Dayz
G-Virus Pandemic,https://growtopia.fandom.com/wiki/G-Virus_Pandemic
Daily Challenges,https://growtopia.fandom.com/wiki/Daily_Challenges
Rules,https://growtopia.fandom.com/wiki/Growtopia_Wiki:Rules
Editing Guide,https://growtopia.fandom.com/wiki/Growtopia_Wiki:Editing_Guide
Templates,https://growtopia.fandom.com/wiki/Guide:Templates
Sandbox,https://growtopia.fandom.com/wiki/Growtopia_Wiki:Sandbox
Wiki Staff,https://growtopia.fandom.com/wiki/Growtopia_Wiki:Staff
Categories,https://growtopia.fandom.com/wiki/Special:Categories
Growtopia Wiki,https://growtopia.fandom.com/wiki/Category:Growtopia_Wiki
Local Sitemap,https://growtopia.fandom.com/wiki/Local_Sitemap
